{"cameraMode":{"drawMode":0,"name":"Shaded","section":"Shading Mode"},"sceneLighting":false,"audioPlay":false,"sceneViewState":{"showFog":true,"showMaterialUpdate":false,"showSkybox":false,"showFlares":true,"showImageEffects":true,"showParticleSystems":true},"in2DMode":false,"pivot":{"x":3.8616256713867189,"y":-0.3397073745727539,"z":-1.1734821796417237},"rotation":{"x":-0.3519495129585266,"y":0.4196842610836029,"z":-0.18081830441951753,"w":-0.8168851733207703},"size":1.4289418458938599,"orthographic":false}