{"cameraMode":{"drawMode":0,"name":"Shaded","section":"Shading Mode"},"sceneLighting":true,"audioPlay":false,"sceneViewState":{"showFog":true,"showMaterialUpdate":false,"showSkybox":true,"showFlares":true,"showImageEffects":true,"showParticleSystems":true},"in2DMode":false,"pivot":{"x":-3.5276880264282228,"y":0.012446257285773754,"z":56.40616989135742},"rotation":{"x":0.03682834282517433,"y":0.8114932775497437,"z":-0.05144476145505905,"w":0.5809266567230225},"size":3.673079013824463,"orthographic":false}