{"cameraMode":{"drawMode":0,"name":"Shaded","section":"Shading Mode"},"sceneLighting":true,"audioPlay":false,"sceneViewState":{"showFog":true,"showMaterialUpdate":false,"showSkybox":true,"showFlares":true,"showImageEffects":true,"showParticleSystems":true},"in2DMode":false,"pivot":{"x":36.17301559448242,"y":-24.96080207824707,"z":-10.41107177734375},"rotation":{"x":0.23742258548736573,"y":0.06788022816181183,"z":-0.016633829101920129,"w":0.9688891768455505},"size":407.1241455078125,"orthographic":false}