{"cameraMode":{"drawMode":0,"name":"Shaded","section":"Shading Mode"},"sceneLighting":true,"audioPlay":false,"sceneViewState":{"showFog":true,"showMaterialUpdate":false,"showSkybox":true,"showFlares":true,"showImageEffects":true,"showParticleSystems":true},"in2DMode":false,"pivot":{"x":-0.9175857901573181,"y":1.634178876876831,"z":55.09727478027344},"rotation":{"x":0.03796350955963135,"y":0.9597585797309876,"z":-0.2275676280260086,"w":0.16010983288288117},"size":5.557884693145752,"orthographic":false}