{"cameraMode":{"drawMode":0,"name":"Shaded","section":"Shading Mode"},"sceneLighting":false,"audioPlay":false,"sceneViewState":{"showFog":true,"showMaterialUpdate":false,"showSkybox":true,"showFlares":true,"showImageEffects":true,"showParticleSystems":true},"in2DMode":false,"pivot":{"x":19.237430572509767,"y":12.613983154296875,"z":6.980045318603516},"rotation":{"x":0.0033023138530552389,"y":0.8143289685249329,"z":0.004633075091987848,"w":-0.5803757905960083},"size":19.199748992919923,"orthographic":false}