{"cameraMode":{"drawMode":0,"name":"Shaded","section":"Shading Mode"},"sceneLighting":true,"audioPlay":false,"sceneViewState":{"showFog":true,"showMaterialUpdate":false,"showSkybox":true,"showFlares":true,"showImageEffects":true,"showParticleSystems":true},"in2DMode":false,"pivot":{"x":8.476961135864258,"y":2.8893089294433595,"z":3.2822091579437258},"rotation":{"x":-0.01380588486790657,"y":0.9847841262817383,"z":-0.14612668752670289,"w":-0.09304139018058777},"size":4.041658401489258,"orthographic":false}