{"cameraMode":{"drawMode":0,"name":"Shaded","section":"Shading Mode"},"sceneLighting":true,"audioPlay":false,"sceneViewState":{"showFog":true,"showMaterialUpdate":false,"showSkybox":true,"showFlares":true,"showImageEffects":true,"showParticleSystems":true},"in2DMode":false,"pivot":{"x":9.165830612182618,"y":2.9316039085388185,"z":0.9533185958862305},"rotation":{"x":-0.11621665954589844,"y":0.858041524887085,"z":-0.22257937490940095,"w":-0.4480143189430237},"size":10.0,"orthographic":false}