{"cameraMode":{"drawMode":0,"name":"Shaded","section":"Shading Mode"},"sceneLighting":true,"audioPlay":false,"sceneViewState":{"showFog":true,"showMaterialUpdate":false,"showSkybox":true,"showFlares":true,"showImageEffects":true,"showParticleSystems":true},"in2DMode":false,"pivot":{"x":2.046841621398926,"y":2.5217623710632326,"z":-2.4904589653015138},"rotation":{"x":-0.02156650461256504,"y":0.9700096845626831,"z":-0.09371132403612137,"w":-0.22323612868785859},"size":10.0,"orthographic":false}