{"cameraMode":{"drawMode":0,"name":"Shaded","section":"Shading Mode"},"sceneLighting":true,"audioPlay":false,"sceneViewState":{"showFog":true,"showMaterialUpdate":false,"showSkybox":true,"showFlares":true,"showImageEffects":true,"showParticleSystems":true},"in2DMode":false,"pivot":{"x":3.4508206844329836,"y":1.6976110935211182,"z":-11.404006958007813},"rotation":{"x":0.023792371153831483,"y":-0.9604234099388123,"z":0.08667435497045517,"w":0.2636445164680481},"size":2.5126330852508547,"orthographic":false}