{"cameraMode":{"drawMode":0,"name":"Shaded","section":"Shading Mode"},"sceneLighting":true,"audioPlay":false,"sceneViewState":{"showFog":true,"showMaterialUpdate":false,"showSkybox":true,"showFlares":true,"showImageEffects":true,"showParticleSystems":true},"in2DMode":false,"pivot":{"x":-1.1903373003005982,"y":3.02297306060791,"z":-12.953352928161621},"rotation":{"x":-0.041967786848545077,"y":-0.7439684271812439,"z":0.046933770179748538,"w":-0.665242075920105},"size":1.5887082815170289,"orthographic":false}