{"cameraMode":{"drawMode":0,"name":"Shaded","section":"Shading Mode"},"sceneLighting":false,"audioPlay":false,"sceneViewState":{"showFog":true,"showMaterialUpdate":false,"showSkybox":false,"showFlares":true,"showImageEffects":true,"showParticleSystems":true},"in2DMode":false,"pivot":{"x":-5.692684173583984,"y":7.295414447784424,"z":64.60270690917969},"rotation":{"x":-0.21145190298557282,"y":0.20123963057994843,"z":-0.04453851655125618,"w":-0.9554093480110169},"size":2.8578836917877199,"orthographic":false}