{"cameraMode":{"drawMode":0,"name":"Shaded","section":"Shading Mode"},"sceneLighting":true,"audioPlay":false,"sceneViewState":{"showFog":true,"showMaterialUpdate":false,"showSkybox":true,"showFlares":true,"showImageEffects":true,"showParticleSystems":true},"in2DMode":false,"pivot":{"x":-5.692684173583984,"y":7.295414447784424,"z":64.60270690917969},"rotation":{"x":0.05810927227139473,"y":0.9285016655921936,"z":-0.3277248740196228,"w":0.16463427245616914},"size":3.1853480339050295,"orthographic":false}